"Cluster","social_Mean","appreciate_Mean","past_Mean","aware_Mean","norm_control_Mean","comp_Mean","att_nm_unfav_Mean","att_wld_unfav_Mean","concern_Mean","social_Sd","appreciate_Sd","past_Sd","aware_Sd","norm_control_Sd","comp_Sd","att_nm_unfav_Sd","att_wld_unfav_Sd","concern_Sd"
"0",-0.0239382903263158,-0.100410571347368,-0.636095661357895,-0.0471543663578947,-0.135696227273684,0.0555738457894737,0.1372085042,-0.0845561508315789,0.252160082368421,0.151125095838092,0.133720786958728,0.193328045638701,0.305860757879074,0.2531982846512,0.281770923741212,0.382719095082464,0.455830256586829,0.67768611308813
"1",-0.0642869493127962,-0.0220052056635071,0.192461358473934,-0.0800812038625592,-0.0378436683222749,-0.177183539208531,0.223383815848341,0.213889849255924,-0.456654673037915,0.111974920295539,0.181948069663651,0.125317029796018,0.303682761080192,0.292183939929288,0.306174633191699,0.531564788655985,0.521958691216234,0.624899299881716
"2",0.117323584333333,0.105052612385185,0.146812897659259,0.158346658207407,0.154638189614815,0.237823788251852,-0.445694763288889,-0.274799436133333,0.536288356962963,0.135380711885831,0.199303628993391,0.237463661173857,0.312903485462094,0.260532448651095,0.271596776130796,0.553672108237505,0.498617476525794,0.705897670613762
