Names,Betas
wetlands,-1.77366
pay,0.00810084
cc,-0.3674
nm,-0.406822
asc,-1.38492
dfl,0.741315
costtax,-0.00121551
inc1,0.875915
inc23,0.6534
inc4,0.479734
inc5,0.614204
inc6,2.06379
farm2,0.793101
farm3,0.258299
farm4,0.595674
cclake,0.0835788
