WLD,CC,NM,ASC_obs,County,Region
339.1546671,154.8939954,169.4069645,119.6569703,Emmet,Iowa
312.4837276,128.1571953,142.6865142,92.87616799,Kossuth,Iowa
314.5875403,130.1985566,144.772145,94.91196498,Winnebago,Iowa
284.0802463,99.61335766,114.324197,64.32667692,Brookings,South Dakota
290.8774373,106.3412636,121.1576576,71.1698939,Codington,South Dakota
304.9638922,120.4408255,135.198025,85.29893394,Deuel,South Dakota
302.780357,118.3212936,133.0390767,83.15861642,Grant_sd,South Dakota
297.0179558,112.5086517,127.2381645,77.37496276,Marshall,South Dakota
257.8732369,73.44428009,88.10155317,38.14451039,Roberts,South Dakota
